{"max": [1.08174, 0.822113, -0.78158], "centroid": [0.9060264107142857, 0.7210464999999999, -1.026174684523809], "id": "29880fedb8770d6ce51e3cd2b72fbf02", "numVertices": 168, "min": [0.701887, 0.61998, -1.25347], "scale": [0.5948096241577716, 0.31651890010052014, 0.7389298321819517], "min_scale": [0, 0, 0], "max_scale": [0.7389298321819517, 0.7389298321819517, 0.7389298321819517], "min_size": [0.08922179350704108, 0.11083919941438532, 0.04747782046982616], "max_size": [0.08922179350704108, 0.11083919941438532, 0.04747782046982616]}