{"max": [0.296993, 0.407128, 0.0840066], "centroid": [0.10774614235294117, 0.2466394823529411, -0.11548095882352943], "id": "2056cbd13e92764a61b3b6f2928a81b2", "numVertices": 85, "min": [-0.0840066, 0.0, -0.319853]}
