{"max": [-0.00886518, 0.447086, -1.17084], "centroid": [-0.1947461496296297, 0.2639753037037038, -1.3458029411764694], "id": "3071896180371f53eab2bd7322386ffd", "numVertices": 918, "min": [-0.382386, 0.00776565, -1.52205], "scale": [0.5532162864838718, 0.6506710190981987, 0.5201720535310468], "min_scale": [0, 0, 0], "max_scale": [0.6506710190981987, 0.6506710190981987, 0.6506710190981987], "min_size": [0.27660849690437317, 0.2600859999656677, 0.3253354877233505], "max_size": [0.5532169938087463, 0.5201719999313354, 0.650670975446701]}