{"max": [0.296993, 0.407128, 0.0840066], "centroid": [0.10774614235294117, 0.2466394823529411, -0.11548095882352943], "id": "2056cbd13e92764a61b3b6f2928a81b2", "numVertices": 85, "min": [-0.0840066, 0.0, -0.319853], "scale": [0.5533855303189734, 0.5913359074069974, 0.5865886969970795], "min_scale": [0, 0, 0], "max_scale": [0.5913359074069974, 0.5913359074069974, 0.5913359074069974]}