{"max": [1.08174, 0.822113, -0.78158], "centroid": [0.9060264107142857, 0.7210464999999999, -1.026174684523809], "id": "29880fedb8770d6ce51e3cd2b72fbf02", "numVertices": 168, "min": [0.701887, 0.61998, -1.25347]}
