{"max": [-0.00886518, 0.447086, -1.17084], "centroid": [-0.1947461496296297, 0.2639753037037038, -1.3458029411764694], "id": "3071896180371f53eab2bd7322386ffd", "numVertices": 918, "min": [-0.382386, 0.00776565, -1.52205]}
