{"max": [1.0, 6.362, 1.0], "centroid": [3.835465872590623e-18, 4.0993328031315395, -0.00070583729569091], "id": "f853ac62bc288e48e56a63d21fb60ae9", "numVertices": 2692, "min": [-1.0, -0.00237977, -1.0]}
