{"max": [0.0749483, 0.245438, 2.96672e-05], "centroid": [0.042056572179487106, 0.12716309961538455, -0.03286208532179483], "id": "e8b48d395d3d8744e53e6e0633163da8", "numVertices": 624, "min": [0.00916483, 0.0, -0.0657538]}
