{"max": [0.705935, 0.624741, 0.992847], "centroid": [0.6628443817980002, 0.43921969256382054, 0.9497567852386244], "id": "3f91158956ad7db0322747720d7d37e8", "numVertices": 1802, "min": [0.619754, 0.277128, 0.906666]}
