{"max": [0.0, 0.228306, 0.0], "centroid": [-0.029538841203664748, 0.1312112107643968, -0.029541196023498438], "id": "8309e710832c07f91082f2ea630bf69e", "numVertices": 6494, "min": [-0.0590867, 0.0, -0.0590867], "scale": [0.2430376524360072, 0.9390768866268562, 0.2430376524360072], "min_scale": [0, 0, 0], "max_scale": [0.9390768866268562, 0.9390768866268562, 0.9390768866268562], "min_size": [0.12151850014925003, 0.12151900306344032, 0.46953849494457245], "max_size": [0.24303700029850006, 0.24303800612688065, 0.9390769898891449]}