{"max": [1.0, 6.362, 1.0], "centroid": [3.835465872590623e-18, 4.0993328031315395, -0.00070583729569091], "id": "f853ac62bc288e48e56a63d21fb60ae9", "numVertices": 2692, "min": [-1.0, -0.00237977, -1.0], "scale": [0.2871674848953394, 0.9138214657348394, 0.2871674848953394], "min_scale": [0, 0, 0], "max_scale": [0.9138214657348394, 0.9138214657348394, 0.9138214657348394], "min_size": [0.04308869876225556, 0.04308839477816508, 0.1370647813058358], "max_size": [0.04308869876225556, 0.04308839477816508, 0.1370647813058358]}