{"max": [0.0, 0.228306, 0.0], "centroid": [-0.029538841203664748, 0.1312112107643968, -0.029541196023498438], "id": "8309e710832c07f91082f2ea630bf69e", "numVertices": 6494, "min": [-0.0590867, 0.0, -0.0590867]}
