{"max": [0.0711242, 0.331392, 0.0910708], "centroid": [0.03489978664242422, 0.2373462472727271, 0.05484641553030307], "id": "799397068de1ae1c4587d6a85176d7a0", "numVertices": 264, "min": [-0.00132458, 0.0013494, 0.018622], "scale": [0.20964381182073819, 0.9550387008204578, 0.20964386969440058], "min_scale": [0, 0, 0], "max_scale": [0.9550387008204578, 0.9550387008204578, 0.9550387008204578]}