{"max": [-0.0106231, 0.2, 0.0256465], "centroid": [-0.03626966397058823, 0.11178565999999994, -1.0204255741040042e-19], "id": "22d18e34097ec57a80b49bbcfa357c86", "numVertices": 136, "min": [-0.0619162, 0.0, -0.0256465], "scale": [0.24109727292444977, 0.9400768248534397, 0.24109680288603738], "min_scale": [0, 0, 0], "max_scale": [0.9400768248534397, 0.9400768248534397, 0.9400768248534397]}