{"max": [-0.738332, 2.22915, 0.283909], "centroid": [-1.0222412901234565, 1.5816219497863986, 7.857510289755242e-09], "id": "1b64b36bf7ddae3d7ad11050da24bb12", "numVertices": 3888, "min": [-1.30615, 0.0, -0.283909], "scale": [0.23964871606884733, 0.9408171904111372, 0.23964871606884738], "min_scale": [0, 0, 0], "max_scale": [0.9408171904111372, 0.9408171904111372, 0.9408171904111372], "min_size": [0.11982400342822075, 0.11982399970293045, 0.47040899097919464], "max_size": [0.2396480068564415, 0.2396479994058609, 0.9408179819583893]}