{"max": [0.038003, 0.192978, 0.038003], "centroid": [0.0009637934731741735, 0.10830746424378812, 0.0011467843098553101], "id": "20b7adb178ea2c71d8892a9c05c4aa0e", "numVertices": 3663, "min": [-0.038003, 0.0, -0.038003], "scale": [0.3440829765011864, 0.8736210909565818, 0.3440829765011864], "min_scale": [0, 0, 0], "max_scale": [0.8736210909565818, 0.8736210909565818, 0.8736210909565818], "min_size": [0.17204149812459946, 0.17204149812459946, 0.4368104934692383], "max_size": [0.3440829962491989, 0.3440829962491989, 0.8736209869384766]}