{"max": [0.224748, 0.150129, -1.78814], "centroid": [0.205669741130092, 0.07060525241874734, -1.8070296627244962], "id": "5e896bc124bc0af9fd590443d27a974e", "numVertices": 2283, "min": [0.186648, 0.000903631, -1.82625], "scale": [0.2401399691408193, 0.9405505382332646, 0.24020299800411005], "min_scale": [0, 0, 0], "max_scale": [0.9405505382332646, 0.9405505382332646, 0.9405505382332646], "min_size": [0.12006999924778938, 0.12010150030255318, 0.47027499973773956], "max_size": [0.24013999849557877, 0.24020300060510635, 0.9405499994754791]}