{"max": [0.0034955, 0.190543, -0.00690161], "centroid": [-0.02047296586371195, 0.12167578067867066, -0.030870072493074798], "id": "6b810dbc89542fd8a531220b48579115", "numVertices": 722, "min": [-0.0444414, 0.00244841, -0.0548385], "scale": [0.23975803730011144, 0.9407614953234181, 0.239757987284771], "min_scale": [0, 0, 0], "max_scale": [0.9407614953234181, 0.9407614953234181, 0.9407614953234181], "min_size": [0.0359638036294304, 0.0359638036294304, 0.1411141724172577], "max_size": [0.0359638036294304, 0.0359638036294304, 0.1411141724172577]}