{"max": [0.224748, 0.150129, -1.78814], "centroid": [0.205669741130092, 0.07060525241874734, -1.8070296627244962], "id": "5e896bc124bc0af9fd590443d27a974e", "numVertices": 2283, "min": [0.186648, 0.000903631, -1.82625]}
