{"max": [0.222112, 0.1397, 0.222112], "centroid": [0.01397026388571429, 0.08272441067428564, 0.001830074285714276], "id": "6a772d12b98ab61dc26651d9d35b77ca", "numVertices": 175, "min": [-0.221361, 0.0, -0.222112], "scale": [0.6896349508065444, 0.21724434774535142, 0.6908028141219112], "min_scale": [0, 0, 0], "max_scale": [0.6908028141219112, 0.6908028141219112, 0.6908028141219112], "min_size": [0.10344522919773178, 0.10362043080332232, 0.032586667156409815], "max_size": [0.10344522919773178, 0.10362043080332232, 0.032586667156409815]}