{"max": [-0.367178, 0.1778, -0.212806], "centroid": [-0.5195445177049214, 0.04487420668032782, -0.36507265721311416], "id": "be3c2533130dd3da55f46d55537192b6", "numVertices": 6100, "min": [-0.671911, 0.0, -0.517339], "scale": [0.653844073527264, 0.38149290123861723, 0.6534149476541047], "min_scale": [0, 0, 0], "max_scale": [0.653844073527264, 0.653844073527264, 0.653844073527264], "min_size": [0.09807654262369679, 0.09801233951802966, 0.057223885652624644], "max_size": [0.09807654262369679, 0.09801233951802966, 0.057223885652624644]}