{"max": [-0.754657, 0.0665917, 7.36672], "centroid": [-0.9679583782051299, 0.030049762307692143, 7.1534168349359035], "id": "dd381b3459767f7b18f18cdcd25d1bbb", "numVertices": 1248, "min": [-1.18126, 0.0, 6.94012], "scale": [0.7028407642481449, 0.10971174914518463, 0.7028358216614942], "min_scale": [0, 0, 0], "max_scale": [0.7028407642481449, 0.7028407642481449, 0.7028407642481449], "min_size": [0.10542603535791512, 0.10542543633100915, 0.016456866139334215], "max_size": [0.10542603535791512, 0.10542543633100915, 0.016456866139334215]}