{"max": [2.23314, 1.79471, 2.23314], "centroid": [9.415019075661893e-17, 0.7411704237851783, 9.294536258469661e-16], "id": "fa23aa60ec51c8e4c40fe5637f0a27e1", "numVertices": 4301, "min": [-2.23314, 0.0106437, -2.23314]}
