{"max": [-0.754657, 0.0665917, 7.36672], "centroid": [-0.9679583782051299, 0.030049762307692143, 7.1534168349359035], "id": "dd381b3459767f7b18f18cdcd25d1bbb", "numVertices": 1248, "min": [-1.18126, 0.0, 6.94012]}
