{"max": [9.58081, 3.60434, 1.20011], "centroid": [5.206813518656702, 1.6384431865671742, -3.173887142848256], "id": "8bb057d18e2fcc4779368d1198f406e7", "numVertices": 1608, "min": [0.832814, 0.0, -7.54789]}
