{"max": [-0.754657, 0.0665917, 7.36672], "centroid": [-0.9679583782051299, 0.030049762307692143, 7.1534168349359035], "id": "dd381b3459767f7b18f18cdcd25d1bbb", "numVertices": 1248, "min": [-1.18126, 0.0, 6.94012], "scale": [0.7028407642481449, 0.10971174914518463, 0.7028358216614942], "min_scale": [0, 0, 0], "max_scale": [0.7028407642481449, 0.7028407642481449, 0.7028407642481449], "min_size": [0.35142049193382263, 0.35141798853874207, 0.05485600046813488], "max_size": [0.7028409838676453, 0.7028359770774841, 0.10971200093626976]}