{"max": [9.58081, 3.60434, 1.20011], "centroid": [5.206813518656702, 1.6384431865671742, -3.173887142848256], "id": "8bb057d18e2fcc4779368d1198f406e7", "numVertices": 1608, "min": [0.832814, 0.0, -7.54789], "scale": [0.6788816951940778, 0.279712113409268, 0.67888200561109], "min_scale": [0, 0, 0], "max_scale": [0.67888200561109, 0.67888200561109, 0.67888200561109], "min_size": [0.10183223611698079, 0.10183223611698079, 0.04195701818326635], "max_size": [0.10183223611698079, 0.10183223611698079, 0.04195701818326635]}