{"max": [-0.367178, 0.1778, -0.212806], "centroid": [-0.5195445177049214, 0.04487420668032782, -0.36507265721311416], "id": "be3c2533130dd3da55f46d55537192b6", "numVertices": 6100, "min": [-0.671911, 0.0, -0.517339]}
