{"max": [3.63729, 1.36526, 0.0], "centroid": [3.6107899999999997, 1.3077588461538465, -0.005899999999999999], "id": "9028fceed53a144e10bc2436075f6a52", "numVertices": 104, "min": [3.58429, 1.25026, -0.0118], "scale": [0.41675167497363513, 0.9042725023012848, 0.09278622197526226], "min_scale": [0, 0, 0], "max_scale": [0.9042725023012848, 0.9042725023012848, 0.9042725023012848], "min_size": [0.20837599784135818, 0.04639299958944321, 0.45213600993156433], "max_size": [0.41675199568271637, 0.09278599917888641, 0.9042720198631287]}