{"max": [8.35458, 6.22997, 0.0204462], "centroid": [7.276845267114109, 3.0537560998657542, -0.4497053104866277], "id": "decbc541efe459a742f1242fa6dff2cf", "numVertices": 3725, "min": [5.92314, 0.359088, -0.671704]}
