{"max": [8.35458, 6.22997, 0.0204462], "centroid": [7.276845267114109, 3.0537560998657542, -0.4497053104866277], "id": "decbc541efe459a742f1242fa6dff2cf", "numVertices": 3725, "min": [5.92314, 0.359088, -0.671704], "scale": [0.38038536035400755, 0.9184670669092622, 0.10828307638522783], "min_scale": [0, 0, 0], "max_scale": [0.9184670669092622, 0.9184670669092622, 0.9184670669092622], "min_size": [0.19019300490617752, 0.05414150096476078, 0.45923349261283875], "max_size": [0.38038600981235504, 0.10828300192952156, 0.9184669852256775]}