{"max": [0.0101889, 0.053063, 0.002], "centroid": [-2.1135975647193637, -5.234831811198898, -0.708701100217977], "id": "342ef21b1ed9615685feaf23dbe1f454", "numVertices": 3670, "min": [-4.65981, -10.5469, -1.208], "scale": [0.4009916845290329, 0.9101708823347734, 0.10389722753042399], "min_scale": [0, 0, 0], "max_scale": [0.9101708823347734, 0.9101708823347734, 0.9101708823347734]}