{"max": [3.63729, 1.36526, 0.0], "centroid": [3.6107899999999997, 1.3077588461538465, -0.005899999999999999], "id": "9028fceed53a144e10bc2436075f6a52", "numVertices": 104, "min": [3.58429, 1.25026, -0.0118]}
