{"max": [0.0, 0.0, 0.0], "centroid": [-0.00396011448979592, -0.10095928672448976, -0.014292240612244905], "id": "89f69d95f5598fddd42a2a5a47e9ed5", "numVertices": 98, "min": [-0.00635, -0.271224, -0.0257484], "scale": [0.02330126012268617, 0.9952536969315645, 0.0944834907311768], "min_scale": [0, 0, 0], "max_scale": [0.9952536969315645, 0.9952536969315645, 0.9952536969315645], "min_size": [0.003495306026836321, 0.014172444705536458, 0.1492880592909134], "max_size": [0.003495306026836321, 0.014172444705536458, 0.1492880592909134]}