{"max": [0.0, 0.0, 0.0], "centroid": [-0.00396011448979592, -0.10095928672448976, -0.014292240612244905], "id": "89f69d95f5598fddd42a2a5a47e9ed5", "numVertices": 98, "min": [-0.00635, -0.271224, -0.0257484]}
