{"max": [0.769938, 1.78435, 0.769938], "centroid": [0.002162140803571448, 0.9003872745535728, -0.8042643191071424], "id": "414772162ef70ec29109ad7f9c200d62", "numVertices": 448, "min": [-0.8255, 0.0, -1.60747], "scale": [0.47291399044426147, 0.5289106056451068, 0.7047027237624468], "min_scale": [0, 0, 0], "max_scale": [0.7047027237624468, 0.7047027237624468, 0.7047027237624468]}