{"max": [0.047625, 0.109537, 0.047625], "centroid": [0.0037875675046210745, 0.051931492975970175, -0.028769436968576687], "id": "57f73714cbc425e44ae022a8f6e258a7", "numVertices": 541, "min": [-0.047625, 0.0, -0.0805626]}
