{"max": [0.047625, 0.109537, 0.047625], "centroid": [0.0037875675046210745, 0.051931492975970175, -0.028769436968576687], "id": "57f73714cbc425e44ae022a8f6e258a7", "numVertices": 541, "min": [-0.047625, 0.0, -0.0805626], "scale": [0.49184935786908224, 0.5656241796630516, 0.6619316403861288], "min_scale": [0, 0, 0], "max_scale": [0.6619316403861288, 0.6619316403861288, 0.6619316403861288], "min_size": [0.24592450261116028, 0.3309659957885742, 0.2828119993209839], "max_size": [0.49184900522232056, 0.6619319915771484, 0.5656239986419678]}