{"max": [-0.0151805, 0.166167, -0.000756056], "centroid": [-0.08466166843082687, 0.09269788542618367, -0.11105661848003713], "id": "48e260a614c0fd4434a8988fdcee4fde", "numVertices": 1077, "min": [-0.159833, 0.0, -0.193003]}
