{"max": [0.700802, 0.458788, 0.525564], "centroid": [0.4759406224719127, 0.23891072719101158, 0.0898637732584269], "id": "e9bd4ee553eb35c1d5ccc40b510e4bd", "numVertices": 445, "min": [0.294402, 0.0, -0.0724128], "scale": [0.47460845334747526, 0.5357890332046787, 0.6983386914017533], "min_scale": [0, 0, 0], "max_scale": [0.6983386914017533, 0.6983386914017533, 0.6983386914017533], "min_size": [0.071191190223197, 0.10475098451928094, 0.08036818821428007], "max_size": [0.071191190223197, 0.10475098451928094, 0.08036818821428007]}