{"max": [0.0, 0.09525, 0.0], "centroid": [-0.0412754530143541, 0.03709970576555028, -0.05943574535885163], "id": "336122c3105440d193e42e2720468bf0", "numVertices": 418, "min": [-0.08255, 0.0, -0.121611]}
