{"max": [-0.0151805, 0.166167, -0.000756056], "centroid": [-0.08466166843082687, 0.09269788542618367, -0.11105661848003713], "id": "48e260a614c0fd4434a8988fdcee4fde", "numVertices": 1077, "min": [-0.159833, 0.0, -0.193003], "scale": [0.49471643065004794, 0.568296746560388, 0.657491034991166], "min_scale": [0, 0, 0], "max_scale": [0.657491034991166, 0.657491034991166, 0.657491034991166], "min_size": [0.07420739915815106, 0.09862379844409569, 0.08524440328045728], "max_size": [0.07420739915815106, 0.09862379844409569, 0.08524440328045728]}