{"max": [0.0, 0.09525, 0.0], "centroid": [-0.0412754530143541, 0.03709970576555028, -0.05943574535885163], "id": "336122c3105440d193e42e2720468bf0", "numVertices": 418, "min": [-0.08255, 0.0, -0.121611], "scale": [0.47131969413061037, 0.5438304163045504, 0.6943386956137815], "min_scale": [0, 0, 0], "max_scale": [0.6943386956137815, 0.6943386956137815, 0.6943386956137815], "min_size": [0.23565950244665146, 0.3471694886684418, 0.271915003657341], "max_size": [0.4713190048933029, 0.6943389773368835, 0.543830007314682]}