{"max": [-0.0151805, 0.166167, -0.000756056], "centroid": [-0.08466166843082687, 0.09269788542618367, -0.11105661848003713], "id": "48e260a614c0fd4434a8988fdcee4fde", "numVertices": 1077, "min": [-0.159833, 0.0, -0.193003], "scale": [0.49471643065004794, 0.568296746560388, 0.657491034991166], "min_scale": [0, 0, 0], "max_scale": [0.657491034991166, 0.657491034991166, 0.657491034991166], "min_size": [0.24735799431800842, 0.3287455141544342, 0.2841484993696213], "max_size": [0.49471598863601685, 0.6574910283088684, 0.5682969987392426]}