{"max": [0.700802, 0.458788, 0.525564], "centroid": [0.4759406224719127, 0.23891072719101158, 0.0898637732584269], "id": "e9bd4ee553eb35c1d5ccc40b510e4bd", "numVertices": 445, "min": [0.294402, 0.0, -0.0724128]}
