{"max": [0.0, 0.090214, 0.0], "centroid": [-0.03371273151750971, 0.07132827431906597, -0.04446807198443577], "id": "f1c5b9bb744afd96d6e1954365b10b52", "numVertices": 514, "min": [-0.067977, 0.0, -0.090147], "scale": [0.47036520734528126, 0.6242335910005915, 0.6237699861211156], "min_scale": [0, 0, 0], "max_scale": [0.6242335910005915, 0.6242335910005915, 0.6242335910005915], "min_size": [0.07055462117186784, 0.09356583097327326, 0.09363482634989545], "max_size": [0.07055462117186784, 0.09356583097327326, 0.09363482634989545]}