{"max": [0.0, 0.090214, 0.0], "centroid": [-0.03371273151750971, 0.07132827431906597, -0.04446807198443577], "id": "f1c5b9bb744afd96d6e1954365b10b52", "numVertices": 514, "min": [-0.067977, 0.0, -0.090147]}
