{"max": [0.427054, 0.511175, -2.10457], "centroid": [0.2554421389830508, 0.2531816169491526, -2.4027838983050858], "id": "5d72df6bc7e93e6dd0cd466c08863ebd", "numVertices": 59, "min": [0.0825897, 0.003175, -2.61614], "scale": [0.4311116706709469, 0.6357835302550686, 0.640251536560208], "min_scale": [0, 0, 0], "max_scale": [0.640251536560208, 0.640251536560208, 0.640251536560208], "min_size": [0.21555599570274353, 0.3201255053281784, 0.31789200007915497], "max_size": [0.43111199140548706, 0.6402510106563568, 0.6357840001583099]}