{"max": [0.053975, 0.1016, 0.053975], "centroid": [1.5471469054273238e-20, 0.07720532920353967, -0.004679047345132746], "id": "7223820f07fd6b55e453535335057818", "numVertices": 904, "min": [-0.053975, 0.0, -0.0763033], "scale": [0.546989465569506, 0.5148136146536526, 0.660128371396978], "min_scale": [0, 0, 0], "max_scale": [0.660128371396978, 0.660128371396978, 0.660128371396978], "min_size": [0.08204835563771432, 0.0990193855560076, 0.07722194391012098], "max_size": [0.08204835563771432, 0.0990193855560076, 0.07722194391012098]}