{"max": [0.053975, 0.1016, 0.053975], "centroid": [1.5471469054273238e-20, 0.07720532920353967, -0.004679047345132746], "id": "7223820f07fd6b55e453535335057818", "numVertices": 904, "min": [-0.053975, 0.0, -0.0763033]}
