{"max": [0.955185, 1.48273, 1.05048], "centroid": [0.0558227489795917, 0.8224557755102045, -0.4856522542857146], "id": "df026976dc03197213ac44947b92716e", "numVertices": 245, "min": [-0.830804, 0.0, -1.36989], "scale": [0.5325634086182638, 0.442134717996896, 0.7217292476702752], "min_scale": [0, 0, 0], "max_scale": [0.7217292476702752, 0.7217292476702752, 0.7217292476702752], "min_size": [0.07988459863383021, 0.10825920535097146, 0.06632039925911214], "max_size": [0.07988459863383021, 0.10825920535097146, 0.06632039925911214]}