{"max": [0.955185, 1.48273, 1.05048], "centroid": [0.0558227489795917, 0.8224557755102045, -0.4856522542857146], "id": "df026976dc03197213ac44947b92716e", "numVertices": 245, "min": [-0.830804, 0.0, -1.36989]}
