{"max": [1.00514, 1.70003, 1.00514], "centroid": [-0.0384121334951456, 0.8405072936893212, -1.2374707912621357], "id": "d0a3fdd33c7e1eb040bc4e38b9ba163e", "numVertices": 412, "min": [-1.00514, -0.12408, -2.23049], "scale": [0.4759755398314865, 0.43189592592176856, 0.7661026006053648], "min_scale": [0, 0, 0], "max_scale": [0.7661026006053648, 0.7661026006053648, 0.7661026006053648], "min_size": [0.0713965237423383, 0.11491519992273141, 0.06478451376855728], "max_size": [0.0713965237423383, 0.11491519992273141, 0.06478451376855728]}