{"max": [1.00514, 1.70003, 1.00514], "centroid": [-0.0384121334951456, 0.8405072936893212, -1.2374707912621357], "id": "d0a3fdd33c7e1eb040bc4e38b9ba163e", "numVertices": 412, "min": [-1.00514, -0.12408, -2.23049]}
