{"max": [2.75066, 4.893, 3.00021], "centroid": [0.34474137394456283, 2.1153059552238798, -1.795024432196162], "id": "b6f30c63c946c286cf6897d8875cfd5e", "numVertices": 469, "min": [-2.19107, -0.05, -3.82426], "scale": [0.5058742984998832, 0.5060043056753247, 0.6986063532170915], "min_scale": [0, 0, 0], "max_scale": [0.6986063532170915, 0.6986063532170915, 0.6986063532170915], "min_size": [0.2529375031590462, 0.3493029996752739, 0.25300250947475433], "max_size": [0.5058750063180923, 0.6986059993505478, 0.5060050189495087]}