{"max": [2.75066, 4.893, 3.00021], "centroid": [0.34474137394456283, 2.1153059552238798, -1.795024432196162], "id": "b6f30c63c946c286cf6897d8875cfd5e", "numVertices": 469, "min": [-2.19107, -0.05, -3.82426]}
