{"max": [0.0, 9.336, 8.9106], "centroid": [-4.438531258893276, 5.041452964426877, 1.367836543841896], "id": "24651c3767aa5089e19f4cee87249aca", "numVertices": 253, "min": [-8.9106, 0.0, -3.08878], "scale": [0.5056439457107464, 0.5297838391528661, 0.6809209087247342], "min_scale": [0, 0, 0], "max_scale": [0.6809209087247342, 0.6809209087247342, 0.6809209087247342]}