{"max": [0.053139, 0.126908, 0.053139], "centroid": [0.00467329616504855, 0.0814490597087378, -0.00760079214684466], "id": "37f56901a07da69dac6b8e58caf61f95", "numVertices": 824, "min": [-0.053139, 0.0, -0.0842202]}
