{"max": [0.053139, 0.126908, 0.053139], "centroid": [0.00467329616504855, 0.0814490597087378, -0.00760079214684466], "id": "37f56901a07da69dac6b8e58caf61f95", "numVertices": 824, "min": [-0.053139, 0.0, -0.0842202], "scale": [0.4940854378508763, 0.5899941168141949, 0.6385816488346232], "min_scale": [0, 0, 0], "max_scale": [0.6385816488346232, 0.6385816488346232, 0.6385816488346232], "min_size": [0.24704300612211227, 0.31929099559783936, 0.2949970066547394], "max_size": [0.49408601224422455, 0.6385819911956787, 0.5899940133094788]}