{"max": [0.077113, 0.144939, 0.0], "centroid": [0.0385566398809524, 0.11194685714285707, -0.03855663988095241], "id": "81bbf3134d1ca27a58449bd132e3a3fe", "numVertices": 336, "min": [0.0, 0.0, -0.077113], "scale": [0.42513680530789794, 0.799072833692392, 0.42513680530789794], "min_scale": [0, 0, 0], "max_scale": [0.799072833692392, 0.799072833692392, 0.799072833692392]}