{"max": [0.0174625, 0.08255, 0.0174625], "centroid": [4.625929269271486e-19, 0.06350000000000006, -4.336808689942018e-20], "id": "dd280525cf000bc3a608634464309a70", "numVertices": 120, "min": [-0.0174625, 0.0, -0.0174625]}
