{"max": [0.0174625, 0.08255, 0.0174625], "centroid": [4.625929269271486e-19, 0.06350000000000006, -4.336808689942018e-20], "id": "dd280525cf000bc3a608634464309a70", "numVertices": 120, "min": [-0.0174625, 0.0, -0.0174625], "scale": [0.3630540990914473, 0.8581278705797846, 0.3630540990914473], "min_scale": [0, 0, 0], "max_scale": [0.8581278705797846, 0.8581278705797846, 0.8581278705797846], "min_size": [0.05445814094560785, 0.05445814094560785, 0.1287191585176683], "max_size": [0.05445814094560785, 0.05445814094560785, 0.1287191585176683]}