{"max": [2.63133, 2.14, 2.63133], "centroid": [-0.0003940182054616134, 1.0840416124837433, -0.0015626007802343974], "id": "9a52843cc89cd208362be90aaa182ec6", "numVertices": 769, "min": [-2.63133, 0.0, -2.63133], "scale": [0.6795719773642077, 0.27634010777048196, 0.6795719773642077], "min_scale": [0, 0, 0], "max_scale": [0.6795719773642077, 0.6795719773642077, 0.6795719773642077]}