{"max": [0.0, 0.191, 0.082], "centroid": [-0.022550001929618757, 0.07352297462052758, 0.04100000103694995], "id": "9edfe64416a9646e30612f5c0ef21eb8", "numVertices": 1705, "min": [-0.0451, 0.0, 0.0], "scale": [0.21204107420169074, 0.8980010016080472, 0.38552922582125587], "min_scale": [0, 0, 0], "max_scale": [0.8980010016080472, 0.8980010016080472, 0.8980010016080472], "min_size": [0.10602100193500519, 0.1927650049328804, 0.4490004926919937], "max_size": [0.21204200387001038, 0.3855300098657608, 0.8980009853839874]}