{"max": [0.0, 0.191, 0.082], "centroid": [-0.022550001929618757, 0.07352297462052758, 0.04100000103694995], "id": "9edfe64416a9646e30612f5c0ef21eb8", "numVertices": 1705, "min": [-0.0451, 0.0, 0.0]}
