{"max": [-0.067779, 0.111088, 0.172652], "centroid": [-0.09837034996841422, 0.06939238793430166, 0.11415867915350589], "id": "3a7d8f866de1890bab97e834e9ba876c", "numVertices": 1583, "min": [-0.130776, -0.0241817, 0.083832]}
