{"max": [0.041275, 0.295276, 0.041275], "centroid": [-3.302990630968384e-11, 0.11858353680104057, -1.0399317586805047e-18], "id": "437678d4bc6be981c8724d5673a063a6", "numVertices": 769, "min": [-0.041275, 0.0, -0.041275], "scale": [0.25998623951639344, 0.9299539292482445, 0.25998623951639344], "min_scale": [0, 0, 0], "max_scale": [0.9299539292482445, 0.9299539292482445, 0.9299539292482445], "min_size": [0.1299929991364479, 0.1299929991364479, 0.4649769961833954], "max_size": [0.2599859982728958, 0.2599859982728958, 0.9299539923667908]}