{"max": [0.390126, 4.42833, 4.81436], "centroid": [-0.0016155520431765614, 2.6398639090208165, 4.422539252120291], "id": "7b1fc86844257f8fa54fd40ef3a8dfd0", "numVertices": 2594, "min": [-0.390126, 1.30406, 4.03411]}
