{"max": [0.0729855, 0.304459, 0.0729855], "centroid": [0.03649277162676563, 0.15071496256779582, 0.03649277162676563], "id": "9f2bb4a157164af19a7c9976093a710d", "numVertices": 2832, "min": [0.0, 0.0, 0.0]}
