{"max": [0.0729855, 0.304459, 0.0729855], "centroid": [0.03649277162676563, 0.15071496256779582, 0.03649277162676563], "id": "9f2bb4a157164af19a7c9976093a710d", "numVertices": 2832, "min": [0.0, 0.0, 0.0], "scale": [0.2270300501215125, 0.9470558128661937, 0.2270300501215125], "min_scale": [0, 0, 0], "max_scale": [0.9470558128661937, 0.9470558128661937, 0.9470558128661937], "min_size": [0.11351500079035759, 0.11351499706506729, 0.4735279977321625], "max_size": [0.22703000158071518, 0.22702999413013458, 0.947055995464325]}