{"max": [0.390126, 4.42833, 4.81436], "centroid": [-0.0016155520431765614, 2.6398639090208165, 4.422539252120291], "id": "7b1fc86844257f8fa54fd40ef3a8dfd0", "numVertices": 2594, "min": [-0.390126, 1.30406, 4.03411], "scale": [0.23548350653215563, 0.9429185121642982, 0.23548290292330476], "min_scale": [0, 0, 0], "max_scale": [0.9429185121642982, 0.9429185121642982, 0.9429185121642982], "min_size": [0.03532650166622652, 0.03532619991719101, 0.1414358436869408], "max_size": [0.03532650166622652, 0.03532619991719101, 0.1414358436869408]}