{"max": [-0.00437579, 0.280971, 0.0231495], "centroid": [-0.03527597029411762, 0.17585427294117528, -0.007750690296078433], "id": "758fb2cab125eb6b153b368d6f14e275", "numVertices": 408, "min": [-0.0661762, -0.000553339, -0.0386509]}
