{"max": [0.0729855, 0.304459, 0.0729855], "centroid": [0.03649277162676563, 0.15071496256779582, 0.03649277162676563], "id": "9f2bb4a157164af19a7c9976093a710d", "numVertices": 2832, "min": [0.0, 0.0, 0.0], "scale": [0.2270300501215125, 0.9470558128661937, 0.2270300501215125], "min_scale": [0, 0, 0], "max_scale": [0.9470558128661937, 0.9470558128661937, 0.9470558128661937]}