{
    "star": {
        "max_size": [
            0.055962823201713245,
            0.05884562161744773,
            0.017506626494487625
        ],
        "min_size": [
            0.055962823201713245,
            0.05884562161744773,
            0.017506626494487625
        ]
    },
    "rectangular": {
        "max_size": [
            0.07071061776890479,
            0.042426410894488537,
            0.016970584474368246
        ],
        "min_size": [
            0.07071061776890479,
            0.042426410894488537,
            0.016970584474368246
        ]
    },
    "ring": {
        "max_size": [
            0.05773502691896258,
            0.05773502691896258,
            0.017320508075688777
        ],
        "min_size": [
            0.05773502691896258,
            0.05773502691896258,
            0.017320508075688777
        ]
    },
    "capital_letter_r": {
        "max_size": [
            0.044043009968699365,
            0.06168741156125973,
            0.019568824377033816
        ],
        "min_size": [
            0.044043009968699365,
            0.06168741156125973,
            0.019568824377033816
        ]
    },
    "flower": {
        "max_size": [
            0.05773502691896258,
            0.05773502691896258,
            0.017320508075688777
        ],
        "min_size": [
            0.05773502691896258,
            0.05773502691896258,
            0.017320508075688777
        ]
    },
    "capital_letter_g": {
        "max_size": [
            0.047700023429784584,
            0.061194231327245864,
            0.01892611010049072
        ],
        "min_size": [
            0.047700023429784584,
            0.061194231327245864,
            0.01892611010049072
        ]
    },
    "heart": {
        "max_size": [
            0.058386366875976335,
            0.053619368933132065,
            0.018287689559955106
        ],
        "min_size": [
            0.058386366875976335,
            0.053619368933132065,
            0.018287689559955106
        ]
    },
    "capital_letter_m": {
        "max_size": [
            0.05471961366697726,
            0.057511015320836884,
            0.018243964199737128
        ],
        "min_size": [
            0.05471961366697726,
            0.057511015320836884,
            0.018243964199737128
        ]
    },
    "right_angle": {
        "max_size": [
            0.05773502691896258,
            0.05773502691896258,
            0.017320508075688777
        ],
        "min_size": [
            0.05773502691896258,
            0.05773502691896258,
            0.017320508075688777
        ]
    },
    "triangle": {
        "max_size": [
            0.05773502691896258,
            0.05773502691896258,
            0.017320508075688777
        ],
        "min_size": [
            0.05773502691896258,
            0.05773502691896258,
            0.017320508075688777
        ]
    },
    "capital_letter_a": {
        "max_size": [
            0.05163646013526242,
            0.05895626526855336,
            0.01863344115630573
        ],
        "min_size": [
            0.05163646013526242,
            0.05895626526855336,
            0.01863344115630573
        ]
    },
    "capital_letter_v": {
        "max_size": [
            0.04943103454991575,
            0.059729040553517555,
            0.01894759373665469
        ],
        "min_size": [
            0.04943103454991575,
            0.059729040553517555,
            0.01894759373665469
        ]
    },
    "square": {
        "max_size": [
            0.05773502691896258,
            0.05773502691896258,
            0.017320508075688777
        ],
        "min_size": [
            0.05773502691896258,
            0.05773502691896258,
            0.017320508075688777
        ]
    },
    "cross": {
        "max_size": [
            0.05773502691896258,
            0.05773502691896258,
            0.017320508075688777
        ],
        "min_size": [
            0.05773502691896258,
            0.05773502691896258,
            0.017320508075688777
        ]
    },
    "capital_letter_e": {
        "max_size": [
            0.03608860824576882,
            0.06408021439072278,
            0.02032782484839484
        ],
        "min_size": [
            0.03608860824576882,
            0.06408021439072278,
            0.02032782484839484
        ]
    },
    "pentagon": {
        "max_size": [
            0.057638364591906986,
            0.054818567403273025,
            0.018180949467838294
        ],
        "min_size": [
            0.057638364591906986,
            0.054818567403273025,
            0.018180949467838294
        ]
    },
    "capital_letter_t": {
        "max_size": [
            0.05773502691896258,
            0.05773502691896258,
            0.017320508075688777
        ],
        "min_size": [
            0.05773502691896258,
            0.05773502691896258,
            0.017320508075688777
        ]
    },
    "round": {
        "max_size": [
            0.05773502691896258,
            0.05773502691896258,
            0.017320508075688777
        ],
        "min_size": [
            0.05773502691896258,
            0.05773502691896258,
            0.017320508075688777
        ]
    },
    "hexagon": {
        "max_size": [
            0.0522221635320346,
            0.06030275962190054,
            0.018090827886570165
        ],
        "min_size": [
            0.0522221635320346,
            0.06030275962190054,
            0.018090827886570165
        ]
    },
    "diamond": {
        "max_size": [
            0.06622667379800516,
            0.05298125931710484,
            0.01589437779513145
        ],
        "min_size": [
            0.06622667379800516,
            0.05298125931710484,
            0.01589437779513145
        ]
    },
    "winebottle1": {
        "max_size": [
            0.03405458366963767,
            0.03405458366963767,
            0.14205833541955676
        ],
        "min_size": [
            0.03405458366963767,
            0.03405458366963767,
            0.14205833541955676
        ]
    },
    "mug2": {
        "max_size": [
            0.07055462132302921,
            0.09356582867950007,
            0.09363482852807703
        ],
        "min_size": [
            0.07055462132302921,
            0.09356582867950007,
            0.09363482852807703
        ]
    },
    "mug5": {
        "max_size": [
            0.07988460440013376,
            0.10825920210761321,
            0.06632039760780306
        ],
        "min_size": [
            0.07988460440013376,
            0.10825920210761321,
            0.06632039760780306
        ]
    },
    "mug9": {
        "max_size": [
            0.07411285529804781,
            0.09578726527512363,
            0.08849906491417703
        ],
        "min_size": [
            0.07411285529804781,
            0.09578726527512363,
            0.08849906491417703
        ]
    },
    "basket1": {
        "max_size": [
            0.08298235965158945,
            0.07802576637653663,
            0.09760075700530389
        ],
        "min_size": [
            0.08298235965158945,
            0.07802576637653663,
            0.09760075700530389
        ]
    },
    "mug7": {
        "max_size": [
            0.07588147140037885,
            0.1047906978415519,
            0.07590067156484226
        ],
        "min_size": [
            0.07588147140037885,
            0.1047906978415519,
            0.07590067156484226
        ]
    },
    "beerbottle": {
        "max_size": [
            0.03645580982591704,
            0.03645580982591704,
            0.14086144916148327
        ],
        "min_size": [
            0.03645580982591704,
            0.03645580982591704,
            0.14086144916148327
        ]
    },
    "basket3": {
        "max_size": [
            0.08300756718954788,
            0.08798836797081958,
            0.08870056871917079
        ],